file_path,measures
projects/apache_hive/ql/src/java/org/apache/hadoop/hive/llap/DebugUtils.java,34.20476031303406
projects/apache_hive/ql/src/java/org/apache/hadoop/hive/llap/LlapArrowRecordWriter.java,129.70470476150513
projects/apache_hive/ql/src/java/org/apache/hadoop/hive/ql/DriverContext.java,181.05121076107025
projects/apache_hive/ql/src/java/org/apache/hadoop/hive/ql/DriverState.java,213.96447014808652
projects/apache_hive/ql/src/java/org/apache/hadoop/hive/ql/ddl/database/alter/AbstractAlterDatabaseOperation.java,54.75506981213888
projects/apache_hive/ql/src/java/org/apache/hadoop/hive/ql/ddl/database/alter/poperties/AlterDatabaseSetPropertiesAnalyzer.java,65.01904678344727
projects/apache_hive/ql/src/java/org/apache/hadoop/hive/ql/ddl/database/alter/poperties/AlterDatabaseSetPropertiesOperation.java,34.317862113316856
projects/apache_hive/ql/src/java/org/apache/hadoop/hive/ql/ddl/database/create/CreateDatabaseDesc.java,106.52547562122344
projects/apache_hive/ql/src/java/org/apache/hadoop/hive/ql/ddl/database/show/ShowDatabasesFormatter.java,49.13301475842794
projects/apache_hive/ql/src/java/org/apache/hadoop/hive/ql/ddl/database/showcreate/ShowCreateDatabaseOperation.java,57.62484622001648
projects/apache_hive/ql/src/java/org/apache/hadoop/hive/ql/ddl/dataconnector/alter/properties/AlterDataConnectorSetPropertiesAnalyzer.java,62.08173338572184
projects/apache_hive/ql/src/java/org/apache/hadoop/hive/ql/ddl/dataconnector/alter/properties/AlterDataConnectorSetPropertiesOperation.java,58.5475869178772
projects/apache_hive/ql/src/java/org/apache/hadoop/hive/ql/ddl/dataconnector/alter/url/AlterDataConnectorSetUrlOperation.java,46.497337102890015
projects/apache_hive/ql/src/java/org/apache/hadoop/hive/ql/ddl/dataconnector/create/CreateDataConnectorAnalyzer.java,97.78182196617126
projects/apache_hive/ql/src/java/org/apache/hadoop/hive/ql/ddl/dataconnector/desc/DescDataConnectorOperation.java,57.61276833216349
projects/apache_hive/ql/src/java/org/apache/hadoop/hive/ql/ddl/dataconnector/show/ShowDataConnectorsFormatter.java,73.90461385250092
projects/apache_hive/ql/src/java/org/apache/hadoop/hive/ql/ddl/function/macro/drop/DropMacroAnalyzer.java,63.70554327964783
projects/apache_hive/ql/src/java/org/apache/hadoop/hive/ql/ddl/function/show/ShowFunctionsOperation.java,105.67513044675192
projects/apache_hive/ql/src/java/org/apache/hadoop/hive/ql/ddl/misc/conf/ShowConfOperation.java,61.56878590583801
projects/apache_hive/ql/src/java/org/apache/hadoop/hive/ql/ddl/misc/flags/ReplRemoveFirstIncLoadPendFlagOperation.java,64.19274989763896
projects/apache_hive/ql/src/java/org/apache/hadoop/hive/ql/ddl/misc/hooks/InsertCommitHookOperation.java,64.42745288213094
projects/apache_hive/ql/src/java/org/apache/hadoop/hive/ql/ddl/misc/msck/MsckOperation.java,95.00540486971538
projects/apache_hive/ql/src/java/org/apache/hadoop/hive/ql/ddl/privilege/PrivilegeUtils.java,94.45064353942873
projects/apache_hive/ql/src/java/org/apache/hadoop/hive/ql/ddl/privilege/show/principals/ShowPrincipalsOperation.java,91.09355401992798
projects/apache_hive/ql/src/java/org/apache/hadoop/hive/ql/ddl/privilege/show/rolegrant/ShowRoleGrantOperation.java,70.57971096038818
projects/apache_hive/ql/src/java/org/apache/hadoop/hive/ql/ddl/process/abort/compaction/AbortCompactionsOperation.java,82.64925090471904
projects/apache_hive/ql/src/java/org/apache/hadoop/hive/ql/ddl/process/show/transactions/ShowTransactionsOperation.java,70.28949856758118
projects/apache_hive/ql/src/java/org/apache/hadoop/hive/ql/ddl/table/drop/DropTableAnalyzer.java,82.39417934417725
projects/apache_hive/ql/src/java/org/apache/hadoop/hive/ql/ddl/table/misc/columnstats/AlterTableUpdateColumnStatistictAnalyzer.java,73.36827143033345
projects/apache_hive/ql/src/java/org/apache/hadoop/hive/ql/ddl/table/misc/preinsert/PreInsertTableOperation.java,32.80451965332031
projects/apache_hive/ql/src/java/org/apache/hadoop/hive/ql/ddl/table/misc/touch/AlterTableTouchAnalyzer.java,84.35640811920166
projects/apache_hive/ql/src/java/org/apache/hadoop/hive/ql/ddl/table/partition/add/AlterTableAddPartitionDesc.java,129.19791460037231
projects/apache_hive/ql/src/java/org/apache/hadoop/hive/ql/ddl/table/partition/drop/AlterTableDropPartitionDesc.java,103.72130473454791
projects/apache_hive/ql/src/java/org/apache/hadoop/hive/ql/ddl/table/partition/rename/AlterTableRenamePartitionAnalyzer.java,86.77045702934265
projects/apache_hive/ql/src/java/org/apache/hadoop/hive/ql/ddl/table/partition/rename/AlterTableRenamePartitionOperation.java,133.97451901435852
projects/apache_hive/ql/src/java/org/apache/hadoop/hive/ql/ddl/table/storage/archive/AbstractAlterTableArchiveAnalyzer.java,96.15424275398254
projects/apache_hive/ql/src/java/org/apache/hadoop/hive/ql/ddl/table/storage/set/fileformat/AlterTableSetFileFormatOperation.java,60.843977093696594
projects/apache_hive/ql/src/java/org/apache/hadoop/hive/ql/ddl/table/storage/set/location/AlterTableSetLocationAnalyzer.java,69.43259199460347
projects/apache_hive/ql/src/java/org/apache/hadoop/hive/ql/ddl/view/create/AlterViewAsAnalyzer.java,150.9216479063034
projects/apache_hive/ql/src/java/org/apache/hadoop/hive/ql/ddl/view/materialized/drop/DropMaterializedViewAnalyzer.java,75.41806427637736
projects/apache_hive/ql/src/java/org/apache/hadoop/hive/ql/ddl/view/materialized/show/ShowMaterializedViewsOperation.java,101.06777270634969
projects/apache_hive/ql/src/java/org/apache/hadoop/hive/ql/ddl/view/materialized/update/MaterializedViewUpdateOperation.java,84.49097180366516
projects/apache_hive/ql/src/java/org/apache/hadoop/hive/ql/ddl/workloadmanagement/mapping/AbstractVMMappingAnalyzer.java,86.12753033638
projects/apache_hive/ql/src/java/org/apache/hadoop/hive/ql/ddl/workloadmanagement/pool/alter/AlterWMPoolOperation.java,51.03446829319
projects/apache_hive/ql/src/java/org/apache/hadoop/hive/ql/ddl/workloadmanagement/pool/create/CreateWMPoolOperation.java,67.70104591051738
projects/apache_hive/ql/src/java/org/apache/hadoop/hive/ql/ddl/workloadmanagement/resourceplan/alter/replace/AlterResourcePlanReplaceAnalyzer.java,60.041982094446816
projects/apache_hive/ql/src/java/org/apache/hadoop/hive/ql/ddl/workloadmanagement/resourceplan/drop/DropResourcePlanAnalyzer.java,66.5553998152415
projects/apache_hive/ql/src/java/org/apache/hadoop/hive/ql/exec/AbstractMapJoinOperator.java,104.24268567562105
projects/apache_hive/ql/src/java/org/apache/hadoop/hive/ql/exec/AutoProgressor.java,102.89543732007344
projects/apache_hive/ql/src/java/org/apache/hadoop/hive/ql/exec/CollectOperator.java,91.43310499191284
projects/apache_hive/ql/src/java/org/apache/hadoop/hive/ql/exec/DefaultBucketMatcher.java,80.70703148841858
projects/apache_hive/ql/src/java/org/apache/hadoop/hive/ql/exec/ExprNodeEvaluator.java,82.28786905606587
projects/apache_hive/ql/src/java/org/apache/hadoop/hive/ql/exec/FooterBuffer.java,75.8095413049062
projects/apache_hive/ql/src/java/org/apache/hadoop/hive/ql/exec/HashTableDummyOperator.java,94.2039395570755
projects/apache_hive/ql/src/java/org/apache/hadoop/hive/ql/exec/KeyWrapperComparator.java,105.70147252082825
projects/apache_hive/ql/src/java/org/apache/hadoop/hive/ql/exec/LateralViewJoinOperator.java,116.80460405349731
projects/apache_hive/ql/src/java/org/apache/hadoop/hive/ql/exec/ListSinkOperator.java,111.28179375330608
projects/apache_hive/ql/src/java/org/apache/hadoop/hive/ql/exec/NumericUDAFEvaluatorResolver.java,38.59142804145813
projects/apache_hive/ql/src/java/org/apache/hadoop/hive/ql/exec/PTFRollingPartition.java,174.50169459978738
projects/apache_hive/ql/src/java/org/apache/hadoop/hive/ql/exec/SecureCmdDoAs.java,114.53757294019064
projects/apache_hive/ql/src/java/org/apache/hadoop/hive/ql/exec/Stat.java,86.51226949691772
projects/apache_hive/ql/src/java/org/apache/hadoop/hive/ql/exec/TextRecordReader.java,54.55379843711853
projects/apache_hive/ql/src/java/org/apache/hadoop/hive/ql/exec/WindowFunctionInfo.java,62.86518454551697
projects/apache_hive/ql/src/java/org/apache/hadoop/hive/ql/exec/WritableComparatorFactory.java,29.800417979558308
projects/apache_hive/ql/src/java/org/apache/hadoop/hive/ql/exec/errors/DataCorruptErrorHeuristic.java,66.1021499633789
projects/apache_hive/ql/src/java/org/apache/hadoop/hive/ql/exec/errors/MapAggrMemErrorHeuristic.java,76.6121043364207
projects/apache_hive/ql/src/java/org/apache/hadoop/hive/ql/exec/mr/ObjectCache.java,80.46884854634602
projects/apache_hive/ql/src/java/org/apache/hadoop/hive/ql/exec/persistence/HybridHashTableConf.java,128.80301022529602
projects/apache_hive/ql/src/java/org/apache/hadoop/hive/ql/exec/persistence/MatchTracker.java,119.5927004814148
projects/apache_hive/ql/src/java/org/apache/hadoop/hive/ql/exec/repl/AckTask.java,71.99804747104645
projects/apache_hive/ql/src/java/org/apache/hadoop/hive/ql/exec/repl/bootstrap/events/filesystem/FSDatabaseEvent.java,61.15806094805399
projects/apache_hive/ql/src/java/org/apache/hadoop/hive/ql/exec/repl/bootstrap/events/filesystem/FSPartitionEvent.java,65.83269055684407
projects/apache_hive/ql/src/java/org/apache/hadoop/hive/ql/exec/schq/ScheduledQueryMaintenanceTask.java,67.31813637415569
projects/apache_hive/ql/src/java/org/apache/hadoop/hive/ql/exec/tez/ColumnarSplitSizeEstimator.java,74.57450334231059
projects/apache_hive/ql/src/java/org/apache/hadoop/hive/ql/exec/tez/CustomPartitionEdge.java,96.55010016759236
projects/apache_hive/ql/src/java/org/apache/hadoop/hive/ql/exec/tez/DataInputByteBuffer.java,117.85454956690472
projects/apache_hive/ql/src/java/org/apache/hadoop/hive/ql/exec/tez/LlapPluginEndpointClientImpl.java,177.0112728277842
projects/apache_hive/ql/src/java/org/apache/hadoop/hive/ql/exec/tez/PerPoolTriggerValidatorRunnable.java,56.90332794189453
projects/apache_hive/ql/src/java/org/apache/hadoop/hive/ql/exec/tez/TezJobExecHelper.java,63.788174867630005
projects/apache_hive/ql/src/java/org/apache/hadoop/hive/ql/exec/tez/WorkloadManagerFederation.java,101.01265037059784
projects/apache_hive/ql/src/java/org/apache/hadoop/hive/ql/exec/vector/VectorColumnSourceMapping.java,72.65772104263306
projects/apache_hive/ql/src/java/org/apache/hadoop/hive/ql/exec/vector/expressions/BucketNumExpression.java,71.35074508190155
projects/apache_hive/ql/src/java/org/apache/hadoop/hive/ql/exec/vector/expressions/CastDecimalToLong.java,67.58279927571614
projects/apache_hive/ql/src/java/org/apache/hadoop/hive/ql/exec/vector/expressions/CastStringToDateWithFormat.java,64.5053464571635
projects/apache_hive/ql/src/java/org/apache/hadoop/hive/ql/exec/vector/expressions/CastStringToTimestampWithFormat.java,66.13707558314006
projects/apache_hive/ql/src/java/org/apache/hadoop/hive/ql/exec/vector/expressions/GroupingColumns.java,48.058730721473694
projects/apache_hive/ql/src/java/org/apache/hadoop/hive/ql/exec/vector/expressions/IdentityExpression.java,61.33797566095988
projects/apache_hive/ql/src/java/org/apache/hadoop/hive/ql/exec/vector/expressions/MurmurHashIntColIntCol.java,58.32870364189148
projects/apache_hive/ql/src/java/org/apache/hadoop/hive/ql/exec/vector/expressions/MurmurHashStringColIntCol.java,86.09199937184651
projects/apache_hive/ql/src/java/org/apache/hadoop/hive/ql/exec/vector/expressions/MurmurHashStringColStringCol.java,85.68229842185974
projects/apache_hive/ql/src/java/org/apache/hadoop/hive/ql/exec/vector/expressions/StringLTrimColScalar.java,87.56289744377136
projects/apache_hive/ql/src/java/org/apache/hadoop/hive/ql/exec/vector/expressions/StringRTrimColScalar.java,50.80671691894531
projects/apache_hive/ql/src/java/org/apache/hadoop/hive/ql/exec/vector/expressions/StringTrimColScalarBase.java,68.37314168612163
projects/apache_hive/ql/src/java/org/apache/hadoop/hive/ql/exec/vector/expressions/TruncDateFromString.java,76.74915806452434
projects/apache_hive/ql/src/java/org/apache/hadoop/hive/ql/exec/vector/expressions/TruncDecimal.java,96.8111747900645
projects/apache_hive/ql/src/java/org/apache/hadoop/hive/ql/exec/vector/expressions/VectorUDFMapIndexDecimalCol.java,87.41078758239746
projects/apache_hive/ql/src/java/org/apache/hadoop/hive/ql/exec/vector/expressions/VectorUDFMapIndexDoubleCol.java,75.36857748031616
projects/apache_hive/ql/src/java/org/apache/hadoop/hive/ql/exec/vector/expressions/VectorUDFMapIndexDoubleScalar.java,86.5065525372823
projects/apache_hive/ql/src/java/org/apache/hadoop/hive/ql/exec/vector/expressions/VectorUDFMapIndexLongCol.java,65.70540587107341
projects/apache_hive/ql/src/java/org/apache/hadoop/hive/ql/exec/vector/expressions/VectorUDFMapIndexLongScalar.java,48.57691478729248
projects/apache_hive/ql/src/java/org/apache/hadoop/hive/ql/exec/vector/expressions/VectorUDFMapIndexStringCol.java,123.49158239364624
projects/apache_hive/ql/src/java/org/apache/hadoop/hive/ql/exec/vector/expressions/aggregates/VectorUDAFCountStar.java,167.06058661142984
projects/apache_hive/ql/src/java/org/apache/hadoop/hive/ql/exec/vector/keyseries/VectorKeySeriesSerializedImpl.java,136.09587335586548
projects/apache_hive/ql/src/java/org/apache/hadoop/hive/ql/exec/vector/mapjoin/fast/VectorMapJoinFastBytesHashKeyRef.java,155.1643476486206
projects/apache_hive/ql/src/java/org/apache/hadoop/hive/ql/exec/vector/mapjoin/fast/VectorMapJoinFastLongHashSet.java,107.93619402249654
projects/apache_hive/ql/src/java/org/apache/hadoop/hive/ql/exec/vector/mapjoin/fast/VectorMapJoinFastLongHashUtil.java,85.3527979850769
projects/apache_hive/ql/src/java/org/apache/hadoop/hive/ql/exec/vector/mapjoin/fast/VectorMapJoinFastMultiKeyHashMultiSetContainer.java,150.3142684300741
projects/apache_hive/ql/src/java/org/apache/hadoop/hive/ql/exec/vector/mapjoin/fast/VectorMapJoinFastMultiKeyHashSetContainer.java,161.54313143094382
projects/apache_hive/ql/src/java/org/apache/hadoop/hive/ql/exec/vector/mapjoin/fast/VectorMapJoinFastStringCommon.java,108.98657822608948
projects/apache_hive/ql/src/java/org/apache/hadoop/hive/ql/exec/vector/mapjoin/fast/VectorMapJoinFastStringHashMap.java,85.75968567530315
projects/apache_hive/ql/src/java/org/apache/hadoop/hive/ql/exec/vector/mapjoin/fast/VectorMapJoinFastStringHashMultiSet.java,68.87523150444031
projects/apache_hive/ql/src/java/org/apache/hadoop/hive/ql/exec/vector/ptf/VectorPTFEvaluatorAbstractSum.java,109.21686911582948
projects/apache_hive/ql/src/java/org/apache/hadoop/hive/ql/exec/vector/ptf/VectorPTFEvaluatorLag.java,50.40207799275717
projects/apache_hive/ql/src/java/org/apache/hadoop/hive/ql/exec/vector/ptf/VectorPTFEvaluatorLead.java,55.1336932182312
projects/apache_hive/ql/src/java/org/apache/hadoop/hive/ql/exec/vector/wrapper/VectorHashKeyWrapperTwoBase.java,49.66695419947306
projects/apache_hive/ql/src/java/org/apache/hadoop/hive/ql/hooks/HiveHookEventProtoPartialBuilder.java,104.25147811571756
projects/apache_hive/ql/src/java/org/apache/hadoop/hive/ql/hooks/HookUtils.java,44.23520000775655
projects/apache_hive/ql/src/java/org/apache/hadoop/hive/ql/hooks/ReadEntity.java,140.085604429245
projects/apache_hive/ql/src/java/org/apache/hadoop/hive/ql/io/AcidOutputFormat.java,160.33611011505127
projects/apache_hive/ql/src/java/org/apache/hadoop/hive/ql/io/HiveBinaryOutputFormat.java,93.61162169774371
projects/apache_hive/ql/src/java/org/apache/hadoop/hive/ql/io/HiveIgnoreKeyTextOutputFormat.java,99.27992804845174
projects/apache_hive/ql/src/java/org/apache/hadoop/hive/ql/io/HiveNullValueSequenceFileOutputFormat.java,108.05793750286102
projects/apache_hive/ql/src/java/org/apache/hadoop/hive/ql/io/HiveOutputFormatImpl.java,67.22773170471191
projects/apache_hive/ql/src/java/org/apache/hadoop/hive/ql/io/IOPrepareCache.java,87.49215483665466
projects/apache_hive/ql/src/java/org/apache/hadoop/hive/ql/io/OneNullRowInputFormat.java,48.51969635486603
projects/apache_hive/ql/src/java/org/apache/hadoop/hive/ql/io/RCFileOutputFormat.java,150.0331891377767
projects/apache_hive/ql/src/java/org/apache/hadoop/hive/ql/io/SchemaInferenceUtils.java,101.72289955615996
projects/apache_hive/ql/src/java/org/apache/hadoop/hive/ql/io/SequenceFileInputFormatChecker.java,48.20193616549174
projects/apache_hive/ql/src/java/org/apache/hadoop/hive/ql/io/orc/OrcFileValueWrapper.java,61.12138644854228
projects/apache_hive/ql/src/java/org/apache/hadoop/hive/ql/io/orc/ReaderImpl.java,82.8063264687856
projects/apache_hive/ql/src/java/org/apache/hadoop/hive/ql/io/orc/encoded/OrcBatchKey.java,81.06274811426799
projects/apache_hive/ql/src/java/org/apache/hadoop/hive/ql/io/orc/encoded/StreamUtils.java,103.9732488791148
projects/apache_hive/ql/src/java/org/apache/hadoop/hive/ql/io/parquet/MapredParquetOutputFormat.java,128.02907959620157
projects/apache_hive/ql/src/java/org/apache/hadoop/hive/ql/io/parquet/serde/primitive/ParquetByteInspector.java,42.186678528785706
projects/apache_hive/ql/src/java/org/apache/hadoop/hive/ql/io/parquet/serde/primitive/ParquetShortInspector.java,27.12139900525411
projects/apache_hive/ql/src/java/org/apache/hadoop/hive/ql/io/parquet/timestamp/ParquetTimestampUtils.java,77.22549263636272
projects/apache_hive/ql/src/java/org/apache/hadoop/hive/ql/lib/PreOrderOnceWalker.java,48.679805636405945
projects/apache_hive/ql/src/java/org/apache/hadoop/hive/ql/lib/RuleExactMatch.java,57.45230185985565
projects/apache_hive/ql/src/java/org/apache/hadoop/hive/ql/lib/Utils.java,60.903417229652405
projects/apache_hive/ql/src/java/org/apache/hadoop/hive/ql/lockmgr/TxnManagerFactory.java,87.17064023017883
projects/apache_hive/ql/src/java/org/apache/hadoop/hive/ql/lockmgr/zookeeper/CuratorFrameworkSingleton.java,55.70217394828797
projects/apache_hive/ql/src/java/org/apache/hadoop/hive/ql/lockmgr/zookeeper/ZooKeeperHiveLock.java,86.37674653530121
projects/apache_hive/ql/src/java/org/apache/hadoop/hive/ql/metadata/DummyPartition.java,90.7289965947469
projects/apache_hive/ql/src/java/org/apache/hadoop/hive/ql/metadata/MaterializedViewMetadata.java,130.37525328000388
projects/apache_hive/ql/src/java/org/apache/hadoop/hive/ql/optimizer/BucketMapjoinProc.java,76.01530202229817
projects/apache_hive/ql/src/java/org/apache/hadoop/hive/ql/optimizer/GenMRRedSink2.java,118.86491640408832
projects/apache_hive/ql/src/java/org/apache/hadoop/hive/ql/optimizer/RemoveDynamicPruningBySize.java,83.53232018152873
projects/apache_hive/ql/src/java/org/apache/hadoop/hive/ql/optimizer/SortedMergeBucketMapjoinProc.java,54.3625191450119
projects/apache_hive/ql/src/java/org/apache/hadoop/hive/ql/optimizer/calcite/CommonTableExpressionSuggesterFactory.java,61.82573997974396
projects/apache_hive/ql/src/java/org/apache/hadoop/hive/ql/optimizer/calcite/HiveDefaultRelMetadataProvider.java,126.94749895731609
projects/apache_hive/ql/src/java/org/apache/hadoop/hive/ql/optimizer/calcite/HivePlannerContext.java,35.99106780687968
projects/apache_hive/ql/src/java/org/apache/hadoop/hive/ql/optimizer/calcite/HiveRelJson.java,64.63221844037373
projects/apache_hive/ql/src/java/org/apache/hadoop/hive/ql/optimizer/calcite/HiveSqlTypeUtil.java,50.11379400889079
projects/apache_hive/ql/src/java/org/apache/hadoop/hive/ql/optimizer/calcite/HiveTypeSystemImpl.java,99.05737320582072
projects/apache_hive/ql/src/java/org/apache/hadoop/hive/ql/optimizer/calcite/correlation/CorrelationInfoVisitor.java,173.1033457914988
projects/apache_hive/ql/src/java/org/apache/hadoop/hive/ql/optimizer/calcite/functions/HiveSqlCountAggFunction.java,103.18147651354472
projects/apache_hive/ql/src/java/org/apache/hadoop/hive/ql/optimizer/calcite/functions/HiveSqlMinMaxAggFunction.java,28.133037487665813
projects/apache_hive/ql/src/java/org/apache/hadoop/hive/ql/optimizer/calcite/functions/HiveSqlSumAggFunction.java,130.30493879318237
projects/apache_hive/ql/src/java/org/apache/hadoop/hive/ql/optimizer/calcite/reloperators/HiveAntiJoin.java,81.93288350105286
projects/apache_hive/ql/src/java/org/apache/hadoop/hive/ql/optimizer/calcite/reloperators/HiveBetween.java,197.1648318767548
projects/apache_hive/ql/src/java/org/apache/hadoop/hive/ql/optimizer/calcite/reloperators/HiveFilter.java,137.31322729587555
projects/apache_hive/ql/src/java/org/apache/hadoop/hive/ql/optimizer/calcite/reloperators/HiveSemiJoin.java,66.36209456125896
projects/apache_hive/ql/src/java/org/apache/hadoop/hive/ql/optimizer/calcite/reloperators/HiveTableFunctionScan.java,74.61952225367229
projects/apache_hive/ql/src/java/org/apache/hadoop/hive/ql/optimizer/calcite/rules/HiveAggregateProjectMergeRule.java,60.75597016016642
projects/apache_hive/ql/src/java/org/apache/hadoop/hive/ql/optimizer/calcite/rules/HiveCardinalityPreservingJoinRule.java,123.6805849870046
projects/apache_hive/ql/src/java/org/apache/hadoop/hive/ql/optimizer/calcite/rules/HiveSortRemoveRule.java,103.03842091560364
projects/apache_hive/ql/src/java/org/apache/hadoop/hive/ql/optimizer/calcite/rules/RemoveInfrequentCteRule.java,53.44746422767639
projects/apache_hive/ql/src/java/org/apache/hadoop/hive/ql/optimizer/calcite/rules/jdbc/JDBCJoinPushDownRule.java,86.61754099527995
projects/apache_hive/ql/src/java/org/apache/hadoop/hive/ql/optimizer/calcite/rules/jdbc/JDBCRexCallValidator.java,65.62323784828186
projects/apache_hive/ql/src/java/org/apache/hadoop/hive/ql/optimizer/calcite/rules/jdbc/JDBCSortPushDownRule.java,81.92145816485088
projects/apache_hive/ql/src/java/org/apache/hadoop/hive/ql/optimizer/calcite/rules/jdbc/JDBCUnionPushDownRule.java,79.7408596277237
projects/apache_hive/ql/src/java/org/apache/hadoop/hive/ql/optimizer/calcite/rules/views/HiveAggregateIncrementalRewritingRuleBase.java,261.15797448158264
projects/apache_hive/ql/src/java/org/apache/hadoop/hive/ql/optimizer/calcite/rules/views/HiveAugmentMaterializationRule.java,153.42127140363058
projects/apache_hive/ql/src/java/org/apache/hadoop/hive/ql/optimizer/calcite/rules/views/HiveAugmentSnapshotMaterializationRule.java,188.90312099456787
projects/apache_hive/ql/src/java/org/apache/hadoop/hive/ql/optimizer/calcite/stats/HiveIncrementalRelMdRowCount.java,133.43183875083923
projects/apache_hive/ql/src/java/org/apache/hadoop/hive/ql/optimizer/calcite/stats/HiveRelMdAggregatedColumns.java,110.38082814216614
projects/apache_hive/ql/src/java/org/apache/hadoop/hive/ql/optimizer/calcite/stats/HiveRelMdCumulativeCost.java,50.922378619511925
projects/apache_hive/ql/src/java/org/apache/hadoop/hive/ql/optimizer/calcite/stats/HiveRelMetadataQuery.java,63.8419668674469
projects/apache_hive/ql/src/java/org/apache/hadoop/hive/ql/optimizer/calcite/translator/PlanModifierForReturnPath.java,71.4336507320404
projects/apache_hive/ql/src/java/org/apache/hadoop/hive/ql/optimizer/calcite/translator/opconventer/HiveTableFunctionScanVisitor.java,198.75679850578308
projects/apache_hive/ql/src/java/org/apache/hadoop/hive/ql/optimizer/listbucketingpruner/LBExprProcFactory.java,117.963223695755
projects/apache_hive/ql/src/java/org/apache/hadoop/hive/ql/optimizer/listbucketingpruner/LBPartitionProcFactory.java,88.3836989402771
projects/apache_hive/ql/src/java/org/apache/hadoop/hive/ql/optimizer/physical/BucketingSortingCtx.java,163.30397307872772
projects/apache_hive/ql/src/java/org/apache/hadoop/hive/ql/optimizer/physical/BucketingSortingInferenceOptimizer.java,145.86040604114532
projects/apache_hive/ql/src/java/org/apache/hadoop/hive/ql/optimizer/ppr/ExprProcFactory.java,131.14122692743936
projects/apache_hive/ql/src/java/org/apache/hadoop/hive/ql/optimizer/ppr/PartExprEvalUtils.java,172.8166128396988
projects/apache_hive/ql/src/java/org/apache/hadoop/hive/ql/optimizer/signature/RelTreeSignature.java,105.74779033660889
projects/apache_hive/ql/src/java/org/apache/hadoop/hive/ql/optimizer/unionproc/UnionProcContext.java,57.47704672813416
projects/apache_hive/ql/src/java/org/apache/hadoop/hive/ql/parse/AlterTableExecuteSpec.java,126.88541634877522
projects/apache_hive/ql/src/java/org/apache/hadoop/hive/ql/parse/AnalyzeCommandUtils.java,86.97668655713399
projects/apache_hive/ql/src/java/org/apache/hadoop/hive/ql/parse/GenMapRedWalker.java,64.85016560554504
projects/apache_hive/ql/src/java/org/apache/hadoop/hive/ql/parse/LeadLagInfo.java,80.7205011844635
projects/apache_hive/ql/src/java/org/apache/hadoop/hive/ql/parse/UpdateSemanticAnalyzer.java,99.73127675056458
projects/apache_hive/ql/src/java/org/apache/hadoop/hive/ql/parse/authorization/AuthorizationParseUtils.java,48.93657541275024
projects/apache_hive/ql/src/java/org/apache/hadoop/hive/ql/parse/repl/dump/ExportService.java,106.85529685020448
projects/apache_hive/ql/src/java/org/apache/hadoop/hive/ql/parse/repl/dump/events/AbortTxnHandler.java,42.61467019716898
projects/apache_hive/ql/src/java/org/apache/hadoop/hive/ql/parse/repl/dump/events/AllocWriteIdHandler.java,72.44718432426453
projects/apache_hive/ql/src/java/org/apache/hadoop/hive/ql/parse/repl/dump/events/CreateFunctionHandler.java,168.97186986605325
projects/apache_hive/ql/src/java/org/apache/hadoop/hive/ql/parse/repl/dump/events/EventHandlerFactory.java,80.59411883354187
projects/apache_hive/ql/src/java/org/apache/hadoop/hive/ql/parse/repl/dump/events/UpdatePartColStatHandler.java,63.73584413528442
projects/apache_hive/ql/src/java/org/apache/hadoop/hive/ql/parse/repl/dump/events/UpdateTableColStatHandler.java,63.84984540939331
projects/apache_hive/ql/src/java/org/apache/hadoop/hive/ql/parse/repl/dump/io/PartitionSerializer.java,66.60741293430328
projects/apache_hive/ql/src/java/org/apache/hadoop/hive/ql/parse/repl/dump/io/ReplicationSpecSerializer.java,20.380366802215576
projects/apache_hive/ql/src/java/org/apache/hadoop/hive/ql/parse/repl/load/MetadataJson.java,66.09130048751831
projects/apache_hive/ql/src/java/org/apache/hadoop/hive/ql/parse/repl/load/message/AllocWriteIdHandler.java,62.14427010218302
projects/apache_hive/ql/src/java/org/apache/hadoop/hive/ql/parse/repl/load/message/CreateDatabaseHandler.java,76.34643944104512
projects/apache_hive/ql/src/java/org/apache/hadoop/hive/ql/parse/repl/load/message/InsertHandler.java,90.18850839138032
projects/apache_hive/ql/src/java/org/apache/hadoop/hive/ql/parse/repl/load/message/RenamePartitionHandler.java,69.80855997403462
projects/apache_hive/ql/src/java/org/apache/hadoop/hive/ql/parse/repl/load/message/UpdatePartColStatHandler.java,45.89572954177856
projects/apache_hive/ql/src/java/org/apache/hadoop/hive/ql/parse/repl/load/message/UpdateTableColStatHandler.java,107.4385188817978
projects/apache_hive/ql/src/java/org/apache/hadoop/hive/ql/parse/rewrite/DeleteRewriterFactory.java,52.27812202771505
projects/apache_hive/ql/src/java/org/apache/hadoop/hive/ql/parse/rewrite/MergeStatement.java,263.9062731266022
projects/apache_hive/ql/src/java/org/apache/hadoop/hive/ql/parse/rewrite/UpdateRewriter.java,160.2498073577881
projects/apache_hive/ql/src/java/org/apache/hadoop/hive/ql/parse/rewrite/sql/WhereClausePatcher.java,81.38046848773956
projects/apache_hive/ql/src/java/org/apache/hadoop/hive/ql/parse/type/TypeCheckCtx.java,115.0145316918691
projects/apache_hive/ql/src/java/org/apache/hadoop/hive/ql/plan/AbstractOperatorDesc.java,119.45608599980672
projects/apache_hive/ql/src/java/org/apache/hadoop/hive/ql/plan/AppMasterEventDesc.java,84.25643491744995
projects/apache_hive/ql/src/java/org/apache/hadoop/hive/ql/plan/CommonMergeJoinDesc.java,47.655450900395714
projects/apache_hive/ql/src/java/org/apache/hadoop/hive/ql/plan/DynamicPruningEventDesc.java,57.408682107925415
projects/apache_hive/ql/src/java/org/apache/hadoop/hive/ql/plan/Explain.java,62.16818277041117
projects/apache_hive/ql/src/java/org/apache/hadoop/hive/ql/plan/ExplainWork.java,88.87522983551025
projects/apache_hive/ql/src/java/org/apache/hadoop/hive/ql/plan/ExportWork.java,67.90006581942241
projects/apache_hive/ql/src/java/org/apache/hadoop/hive/ql/plan/ExprNodeDynamicValueDesc.java,46.82846689224243
projects/apache_hive/ql/src/java/org/apache/hadoop/hive/ql/plan/ExprNodeFieldDesc.java,92.64719367027284
projects/apache_hive/ql/src/java/org/apache/hadoop/hive/ql/plan/HashTableSinkDesc.java,171.6611576875051
projects/apache_hive/ql/src/java/org/apache/hadoop/hive/ql/plan/ImportTableDesc.java,79.89535760879517
projects/apache_hive/ql/src/java/org/apache/hadoop/hive/ql/plan/LimitDesc.java,81.62010169029236
projects/apache_hive/ql/src/java/org/apache/hadoop/hive/ql/plan/LoadFileDesc.java,55.350967725118
projects/apache_hive/ql/src/java/org/apache/hadoop/hive/ql/plan/MapredWork.java,88.06905674934387
projects/apache_hive/ql/src/java/org/apache/hadoop/hive/ql/plan/MoveWork.java,121.90486319859822
projects/apache_hive/ql/src/java/org/apache/hadoop/hive/ql/plan/MuxDesc.java,62.82000756263733
projects/apache_hive/ql/src/java/org/apache/hadoop/hive/ql/plan/OpTraits.java,49.009734471639
projects/apache_hive/ql/src/java/org/apache/hadoop/hive/ql/plan/ReplTxnWork.java,167.6876232624054
projects/apache_hive/ql/src/java/org/apache/hadoop/hive/ql/plan/StatsWork.java,96.30802019437154
projects/apache_hive/ql/src/java/org/apache/hadoop/hive/ql/plan/UDTFDesc.java,69.29873824119568
projects/apache_hive/ql/src/java/org/apache/hadoop/hive/ql/plan/VectorGroupByDesc.java,78.57715264956157
projects/apache_hive/ql/src/java/org/apache/hadoop/hive/ql/plan/ptf/WindowFrameDef.java,54.152074575424194
projects/apache_hive/ql/src/java/org/apache/hadoop/hive/ql/processors/AddResourceProcessor.java,96.44418446222942
projects/apache_hive/ql/src/java/org/apache/hadoop/hive/ql/processors/CommandProcessorException.java,41.426795641581215
projects/apache_hive/ql/src/java/org/apache/hadoop/hive/ql/processors/DeleteResourceProcessor.java,65.75608936945598
projects/apache_hive/ql/src/java/org/apache/hadoop/hive/ql/processors/ListResourceProcessor.java,51.15165599187216
projects/apache_hive/ql/src/java/org/apache/hadoop/hive/ql/processors/ShowProcessListProcessor.java,100.4886646270752
projects/apache_hive/ql/src/java/org/apache/hadoop/hive/ql/queryhistory/repository/IcebergRepository.java,191.2904290358225
projects/apache_hive/ql/src/java/org/apache/hadoop/hive/ql/queryhistory/schema/Record.java,147.48004937171936
projects/apache_hive/ql/src/java/org/apache/hadoop/hive/ql/queryhistory/schema/Schema.java,159.81392002105713
projects/apache_hive/ql/src/java/org/apache/hadoop/hive/ql/security/HadoopDefaultAuthenticator.java,36.81800047556559
projects/apache_hive/ql/src/java/org/apache/hadoop/hive/ql/security/ProxyUserAuthenticator.java,75.16079052289327
projects/apache_hive/ql/src/java/org/apache/hadoop/hive/ql/security/authorization/PolicyProviderContainer.java,51.64215159416199
projects/apache_hive/ql/src/java/org/apache/hadoop/hive/ql/security/authorization/Privilege.java,65.80140686035156
projects/apache_hive/ql/src/java/org/apache/hadoop/hive/ql/security/authorization/plugin/HiveResourceACLsImpl.java,51.553427378336586
projects/apache_hive/ql/src/java/org/apache/hadoop/hive/ql/security/authorization/plugin/HiveRoleGrant.java,38.74381502469381
projects/apache_hive/ql/src/java/org/apache/hadoop/hive/ql/security/authorization/plugin/metastore/events/AlterDataConnectorEvent.java,88.99426897366841
projects/apache_hive/ql/src/java/org/apache/hadoop/hive/ql/security/authorization/plugin/metastore/events/CreateDataConnectorEvent.java,59.5067245165507
projects/apache_hive/ql/src/java/org/apache/hadoop/hive/ql/security/authorization/plugin/metastore/events/DropDataConnectorEvent.java,55.49419236183167
projects/apache_hive/ql/src/java/org/apache/hadoop/hive/ql/security/authorization/plugin/metastore/events/DropDatabaseEvent.java,58.11597967147827
projects/apache_hive/ql/src/java/org/apache/hadoop/hive/ql/security/authorization/plugin/metastore/events/DropPartitionEvent.java,61.32513093948364
projects/apache_hive/ql/src/java/org/apache/hadoop/hive/ql/security/authorization/plugin/metastore/events/DropTableEvent.java,54.73650407791138
projects/apache_hive/ql/src/java/org/apache/hadoop/hive/ql/security/authorization/plugin/metastore/events/ReadDatabaseEvent.java,62.56464878718058
projects/apache_hive/ql/src/java/org/apache/hadoop/hive/ql/session/LineageState.java,108.44163966178894
projects/apache_hive/ql/src/java/org/apache/hadoop/hive/ql/session/SessionStateUtil.java,109.30830097198486
projects/apache_hive/ql/src/java/org/apache/hadoop/hive/ql/stats/OperatorStats.java,61.14819081624349
projects/apache_hive/ql/src/java/org/apache/hadoop/hive/ql/txn/compactor/CompactionQueryBuilderFactory.java,27.36704667409261
projects/apache_hive/ql/src/java/org/apache/hadoop/hive/ql/txn/compactor/service/CompactionExecutorFactory.java,47.07938170433045
projects/apache_hive/ql/src/java/org/apache/hadoop/hive/ql/txn/compactor/service/CompactionService.java,75.58661762873332
projects/apache_hive/ql/src/java/org/apache/hadoop/hive/ql/udf/UDFAcos.java,25.621251503626507
projects/apache_hive/ql/src/java/org/apache/hadoop/hive/ql/udf/UDFAscii.java,21.37663769721985
projects/apache_hive/ql/src/java/org/apache/hadoop/hive/ql/udf/UDFAsin.java,16.4352289835612
projects/apache_hive/ql/src/java/org/apache/hadoop/hive/ql/udf/UDFDayOfWeek.java,35.94312047958374
projects/apache_hive/ql/src/java/org/apache/hadoop/hive/ql/udf/UDFMd5.java,54.83181707064311
projects/apache_hive/ql/src/java/org/apache/hadoop/hive/ql/udf/UDFOPBitNot.java,33.32080133756002
projects/apache_hive/ql/src/java/org/apache/hadoop/hive/ql/udf/UDFRand.java,36.67947562535604
projects/apache_hive/ql/src/java/org/apache/hadoop/hive/ql/udf/UDFRegExpExtract.java,47.83101971944173
projects/apache_hive/ql/src/java/org/apache/hadoop/hive/ql/udf/UDFReverse.java,53.310277144114174
projects/apache_hive/ql/src/java/org/apache/hadoop/hive/ql/udf/UDFSha1.java,44.246301571528114
projects/apache_hive/ql/src/java/org/apache/hadoop/hive/ql/udf/UDFSpace.java,37.8210334777832
projects/apache_hive/ql/src/java/org/apache/hadoop/hive/ql/udf/UDFWeekOfYear.java,53.17277733484904
projects/apache_hive/ql/src/java/org/apache/hadoop/hive/ql/udf/esri/ST_Area.java,29.369751294453938
projects/apache_hive/ql/src/java/org/apache/hadoop/hive/ql/udf/esri/ST_AsBinary.java,49.1574498017629
projects/apache_hive/ql/src/java/org/apache/hadoop/hive/ql/udf/esri/ST_AsGeoJson.java,36.53296319643656
projects/apache_hive/ql/src/java/org/apache/hadoop/hive/ql/udf/esri/ST_AsJson.java,33.460178454717
projects/apache_hive/ql/src/java/org/apache/hadoop/hive/ql/udf/esri/ST_AsShape.java,41.09967517852783
projects/apache_hive/ql/src/java/org/apache/hadoop/hive/ql/udf/esri/ST_AsText.java,49.46701033910116
projects/apache_hive/ql/src/java/org/apache/hadoop/hive/ql/udf/esri/ST_Buffer.java,22.809500614802044
projects/apache_hive/ql/src/java/org/apache/hadoop/hive/ql/udf/esri/ST_Centroid.java,29.488329251607254
projects/apache_hive/ql/src/java/org/apache/hadoop/hive/ql/udf/esri/ST_CoordDim.java,31.020480314890545
projects/apache_hive/ql/src/java/org/apache/hadoop/hive/ql/udf/esri/ST_Difference.java,48.685229539871216
projects/apache_hive/ql/src/java/org/apache/hadoop/hive/ql/udf/esri/ST_Dimension.java,23.49114886919657
projects/apache_hive/ql/src/java/org/apache/hadoop/hive/ql/udf/esri/ST_EnvIntersects.java,48.64983590443929
projects/apache_hive/ql/src/java/org/apache/hadoop/hive/ql/udf/esri/ST_Envelope.java,66.74421866734822
projects/apache_hive/ql/src/java/org/apache/hadoop/hive/ql/udf/esri/ST_GeometryN.java,68.7865002155304
projects/apache_hive/ql/src/java/org/apache/hadoop/hive/ql/udf/esri/ST_Is3D.java,14.56110167503357
projects/apache_hive/ql/src/java/org/apache/hadoop/hive/ql/udf/esri/ST_IsEmpty.java,28.57870086034139
projects/apache_hive/ql/src/java/org/apache/hadoop/hive/ql/udf/esri/ST_IsMeasured.java,28.412429809570312
projects/apache_hive/ql/src/java/org/apache/hadoop/hive/ql/udf/esri/ST_IsSimple.java,25.1975900332133
projects/apache_hive/ql/src/java/org/apache/hadoop/hive/ql/udf/esri/ST_Length.java,21.43838946024577
projects/apache_hive/ql/src/java/org/apache/hadoop/hive/ql/udf/esri/ST_LineFromWKB.java,98.191743850708
projects/apache_hive/ql/src/java/org/apache/hadoop/hive/ql/udf/esri/ST_M.java,39.13832926750183
projects/apache_hive/ql/src/java/org/apache/hadoop/hive/ql/udf/esri/ST_MLineFromWKB.java,64.44488747914632
projects/apache_hive/ql/src/java/org/apache/hadoop/hive/ql/udf/esri/ST_MPointFromWKB.java,57.85413455963135
projects/apache_hive/ql/src/java/org/apache/hadoop/hive/ql/udf/esri/ST_MPolyFromWKB.java,55.213881492614746
projects/apache_hive/ql/src/java/org/apache/hadoop/hive/ql/udf/esri/ST_MaxM.java,33.397002617518105
projects/apache_hive/ql/src/java/org/apache/hadoop/hive/ql/udf/esri/ST_MaxX.java,25.94967786471049
projects/apache_hive/ql/src/java/org/apache/hadoop/hive/ql/udf/esri/ST_MaxY.java,13.472849289576212
projects/apache_hive/ql/src/java/org/apache/hadoop/hive/ql/udf/esri/ST_MaxZ.java,25.611305872599285
projects/apache_hive/ql/src/java/org/apache/hadoop/hive/ql/udf/esri/ST_MinM.java,27.04896434148153
projects/apache_hive/ql/src/java/org/apache/hadoop/hive/ql/udf/esri/ST_MinX.java,19.297689119974773
projects/apache_hive/ql/src/java/org/apache/hadoop/hive/ql/udf/esri/ST_MinY.java,59.12219937642416
projects/apache_hive/ql/src/java/org/apache/hadoop/hive/ql/udf/esri/ST_MinZ.java,31.18986447652181
projects/apache_hive/ql/src/java/org/apache/hadoop/hive/ql/udf/esri/ST_PointFromWKB.java,59.521705071131386
projects/apache_hive/ql/src/java/org/apache/hadoop/hive/ql/udf/esri/ST_PointZ.java,35.80500849088033
projects/apache_hive/ql/src/java/org/apache/hadoop/hive/ql/udf/esri/ST_PolyFromWKB.java,43.08653211593628
projects/apache_hive/ql/src/java/org/apache/hadoop/hive/ql/udf/esri/ST_SetSRID.java,28.836642106374104
projects/apache_hive/ql/src/java/org/apache/hadoop/hive/ql/udf/esri/ST_X.java,23.822601477305096
projects/apache_hive/ql/src/java/org/apache/hadoop/hive/ql/udf/esri/ST_Y.java,14.26611828804016
projects/apache_hive/ql/src/java/org/apache/hadoop/hive/ql/udf/esri/ST_Z.java,27.958234230677288
projects/apache_hive/ql/src/java/org/apache/hadoop/hive/ql/udf/generic/AbstractGenericUDFArrayBase.java,85.31287384033203
projects/apache_hive/ql/src/java/org/apache/hadoop/hive/ql/udf/generic/GenericUDAFExceptionInVertex.java,148.3812950452169
projects/apache_hive/ql/src/java/org/apache/hadoop/hive/ql/udf/generic/GenericUDAFRowNumber.java,120.0514105161031
projects/apache_hive/ql/src/java/org/apache/hadoop/hive/ql/udf/generic/GenericUDAFStdSample.java,67.51770623524983
projects/apache_hive/ql/src/java/org/apache/hadoop/hive/ql/udf/generic/GenericUDAFSumEmptyIsZero.java,39.68677274386088
projects/apache_hive/ql/src/java/org/apache/hadoop/hive/ql/udf/generic/GenericUDAFVarianceSample.java,54.2015749613444
projects/apache_hive/ql/src/java/org/apache/hadoop/hive/ql/udf/generic/GenericUDFArray.java,55.5136505762736
projects/apache_hive/ql/src/java/org/apache/hadoop/hive/ql/udf/generic/GenericUDFArrayExcept.java,69.0184195836385
projects/apache_hive/ql/src/java/org/apache/hadoop/hive/ql/udf/generic/GenericUDFArrayIntersect.java,76.03215424219768
projects/apache_hive/ql/src/java/org/apache/hadoop/hive/ql/udf/generic/GenericUDFArrayJoin.java,46.562400341033936
projects/apache_hive/ql/src/java/org/apache/hadoop/hive/ql/udf/generic/GenericUDFArrayPosition.java,45.74455873171488
projects/apache_hive/ql/src/java/org/apache/hadoop/hive/ql/udf/generic/GenericUDFArrayRemove.java,117.63700461387634
projects/apache_hive/ql/src/java/org/apache/hadoop/hive/ql/udf/generic/GenericUDFArraySlice.java,90.05573717753093
projects/apache_hive/ql/src/java/org/apache/hadoop/hive/ql/udf/generic/GenericUDFArrayUnion.java,66.34645128250122
projects/apache_hive/ql/src/java/org/apache/hadoop/hive/ql/udf/generic/GenericUDFAssertTrue.java,43.42043821016947
projects/apache_hive/ql/src/java/org/apache/hadoop/hive/ql/udf/generic/GenericUDFAssertTrueOOM.java,38.642769734064736
projects/apache_hive/ql/src/java/org/apache/hadoop/hive/ql/udf/generic/GenericUDFBRound.java,53.2385311126709
projects/apache_hive/ql/src/java/org/apache/hadoop/hive/ql/udf/generic/GenericUDFBaseUnary.java,67.41242822011311
projects/apache_hive/ql/src/java/org/apache/hadoop/hive/ql/udf/generic/GenericUDFCardinalityViolation.java,28.84855937957764
projects/apache_hive/ql/src/java/org/apache/hadoop/hive/ql/udf/generic/GenericUDFCurrentDate.java,54.71624350547791
projects/apache_hive/ql/src/java/org/apache/hadoop/hive/ql/udf/generic/GenericUDFCurrentTimestamp.java,64.39291083812714
projects/apache_hive/ql/src/java/org/apache/hadoop/hive/ql/udf/generic/GenericUDFCurrentUser.java,39.52553685506185
projects/apache_hive/ql/src/java/org/apache/hadoop/hive/ql/udf/generic/GenericUDFDateDiff.java,45.29228234291077
projects/apache_hive/ql/src/java/org/apache/hadoop/hive/ql/udf/generic/GenericUDFDatetimeLegacyHybridCalendar.java,109.73906111717224
projects/apache_hive/ql/src/java/org/apache/hadoop/hive/ql/udf/generic/GenericUDFEnforceConstraint.java,60.755136013031006
projects/apache_hive/ql/src/java/org/apache/hadoop/hive/ql/udf/generic/GenericUDFJsonRead.java,82.83074585596721
projects/apache_hive/ql/src/java/org/apache/hadoop/hive/ql/udf/generic/GenericUDFLoggedInUser.java,56.61025881767273
projects/apache_hive/ql/src/java/org/apache/hadoop/hive/ql/udf/generic/GenericUDFLower.java,78.09152698516846
projects/apache_hive/ql/src/java/org/apache/hadoop/hive/ql/udf/generic/GenericUDFMapKeys.java,49.57570425669352
projects/apache_hive/ql/src/java/org/apache/hadoop/hive/ql/udf/generic/GenericUDFMapValues.java,53.46842328707377
projects/apache_hive/ql/src/java/org/apache/hadoop/hive/ql/udf/generic/GenericUDFNamedStruct.java,68.97361063957214
projects/apache_hive/ql/src/java/org/apache/hadoop/hive/ql/udf/generic/GenericUDFOPEqualNS.java,56.9566342830658
projects/apache_hive/ql/src/java/org/apache/hadoop/hive/ql/udf/generic/GenericUDFOPNegative.java,71.19464834531148
projects/apache_hive/ql/src/java/org/apache/hadoop/hive/ql/udf/generic/GenericUDFOPNotEqualNS.java,31.363431294759117
projects/apache_hive/ql/src/java/org/apache/hadoop/hive/ql/udf/generic/GenericUDFQuote.java,80.58599265416463
projects/apache_hive/ql/src/java/org/apache/hadoop/hive/ql/udf/generic/GenericUDFSortArray.java,108.17989897727966
projects/apache_hive/ql/src/java/org/apache/hadoop/hive/ql/udf/generic/GenericUDFStringToPrivilege.java,70.29475275675456
projects/apache_hive/ql/src/java/org/apache/hadoop/hive/ql/udf/generic/GenericUDFTimestamp.java,112.29085675875346
projects/apache_hive/ql/src/java/org/apache/hadoop/hive/ql/udf/generic/GenericUDFToBinary.java,53.793911933898926
projects/apache_hive/ql/src/java/org/apache/hadoop/hive/ql/udf/generic/GenericUDFToChar.java,82.6600554784139
projects/apache_hive/ql/src/java/org/apache/hadoop/hive/ql/udf/generic/GenericUDFToDecimal.java,46.62822024027506
projects/apache_hive/ql/src/java/org/apache/hadoop/hive/ql/udf/generic/GenericUDFToIntervalDayTime.java,94.06292426586153
projects/apache_hive/ql/src/java/org/apache/hadoop/hive/ql/udf/generic/GenericUDFToIntervalYearMonth.java,107.80486595630646
projects/apache_hive/ql/src/java/org/apache/hadoop/hive/ql/udf/generic/GenericUDFToString.java,43.65494807561239
projects/apache_hive/ql/src/java/org/apache/hadoop/hive/ql/udf/generic/GenericUDFToTimestampLocalTZ.java,72.12456528345744
projects/apache_hive/ql/src/java/org/apache/hadoop/hive/ql/udf/generic/GenericUDFToVarchar.java,56.420711040496826
projects/apache_hive/ql/src/java/org/apache/hadoop/hive/ql/udf/generic/GenericUDFUnion.java,95.15640461444856
projects/apache_hive/ql/src/java/org/apache/hadoop/hive/ql/udf/generic/GenericUDFUnixTimeStamp.java,31.554713408152264
projects/apache_hive/ql/src/java/org/apache/hadoop/hive/ql/udf/generic/GenericUDFUpper.java,58.62108174959818
projects/apache_hive/ql/src/java/org/apache/hadoop/hive/ql/udf/generic/GenericUDTFPosExplode.java,74.88842868804932
projects/apache_hive/ql/src/java/org/apache/hadoop/hive/ql/udf/generic/GenericUDTFReplicateRows.java,72.33435408274333
projects/apache_hive/ql/src/java/org/apache/hadoop/hive/ql/udf/generic/RoundUtils.java,65.30957424640656
projects/apache_hive/ql/src/java/org/apache/hadoop/hive/ql/udf/ptf/TableFunctionResolver.java,101.80299282073976
projects/apache_hive/ql/src/java/org/apache/hadoop/hive/ql/wm/CustomCounterLimit.java,59.09388446807861
projects/apache_hive/ql/src/java/org/apache/hadoop/hive/ql/wm/TimeCounterLimit.java,55.94114907582601
projects/apache_hive/ql/src/java/org/apache/hadoop/hive/ql/wm/VertexCounterLimit.java,65.96240313847859
